wordprocessing,gaming,surfing,programming,willingnesstopay,screensize,weight
3.89370064390823,1.3539719521068,3.84380516782403,2.42879782663658,1118.31349921413,2.31260316174356,3.29521637642756
1.58441260829568,3.5254097818397,1.01128307054751,1.24544123141095,2718.67057105992,2.74409034182424,1.39119120920077
3.36614501196891,3.84590975963511,6.12875865399837,2.69537810888141,2040.76890822034,2.71756128471017,1.02117767883465
1.71024631243199,1.28763973643072,6.96654478600249,6.17892094142735,757.981315767393,2.33561234767374,5.98431695438921
1.42714393907227,3.67218650924042,2.61774278571829,3.26192724704742,2847.18098206446,5.39726708816476,1.72563417628407
1.10866937204264,2.3006767150946,2.48779278481379,1.69136642618105,1428.36103596725,4.30231690973056,2.58697310136631
1.72146281250753,3.91173717938364,2.08732790639624,3.41812281263992,3422.74311334826,3.91423781002174,3.29567125602625
3.84505809191614,2.00497282156721,1.9970781346783,3.35653659747913,1427.36729036551,3.84229587303645,3.52418813691474
2.58727045636624,3.4921250117477,2.66763997031376,3.95377547200769,1984.56282007042,2.99312463319225,5.59556538891047
3.54589458322152,3.17123535228893,1.28896013554186,2.60037558642216,1861.06546440627,3.74473262931168,1.63457997934893
4.9942837394774,2.12195896380581,1.87211358570494,3.77366473153234,2114.62998942006,1.15234317645274,6.2432371689938
3.66024220222607,3.64463799726218,5.65204121498391,1.1987850451842,2100.01516171731,4.07782220894406,2.99766103783622
3.94669040152803,1.00844218861312,1.94785890425555,1.87337181484327,1232.15570946224,3.15460823195079,2.18678335822187
1.92441095481627,3.53881375398487,3.36600900441408,3.05127877322957,2741.27662670799,2.68231689499646,3.03254574839957
3.39768277201802,5.79909821087494,1.71077932184562,6.21132229594514,3018.44345912337,3.73859079639101,3.15387708880007
2.46750673651695,3.54156083893031,1.51137778768316,1.76068516913801,1924.50200517196,5.38079658429171,1.28383974265307
6.64353594183922,3.41255617979914,4.86696006823331,6.2339483872056,2067.42736416869,4.69621821034775,4.85057275183499
1.28948772605509,1.87111738882959,2.18784421030432,3.98365969420411,1105.96241012681,3.50830204829866,1.12169894762337
2.87291862536222,3.41785125853494,6.14890220295638,2.77575180400163,2150.80037686508,4.96803511435781,1.84646927379072
2.94285841286182,1.47299111657776,3.34803723171353,2.2916634939611,1565.87915054988,2.73567370446503,1.04299496184103
2.70774733228609,2.99427299085073,2.83537856768817,6.50564707582816,3161.30251832306,4.99394206710887,1.35453787446022
2.6465758041013,2.80976641783491,3.15240134927444,1.44411881640553,2240.6847087387,2.419699791148,2.36170263704844
1.01581380842254,2.77650117967278,5.77151104435325,5.27829415723681,2182.40960614756,1.65092519157799,2.16034539183602
3.89801269583404,2.86787167051807,2.63050401047803,1.83765302598476,1862.49824116006,3.94086196378469,1.22872914979234
5.74068510625511,1.55702934204601,3.74526960612275,1.15829922351986,1844.52543836553,2.67703269395523,6.59494942426682
3.33403340028599,1.37999015976675,2.65392690850422,3.33950416790321,1084.99223625753,4.58491788210621,2.34193457779475
1.34199732076377,1.39493002276868,4.90720939449966,2.31729596084915,996.617697039619,3.5183509364441,3.69537903903984
1.3183408274781,3.52628757874481,2.93488682969473,1.84518450126052,2139.3158735102,5.31060099253704,2.71463341778144
1.64929485460743,2.4195428204257,1.53371313377284,1.10165741550736,1405.95439068507,1.51656628530297,3.07964375941083
2.61534794606268,5.02430602349341,1.09682119986974,2.21976909483783,2619.59796922281,4.24869783602096,2.7189686212223
1.14796100091189,4.94457078073174,1.42730402434245,2.58149950765073,2579.45727739949,5.75925624138949,3.01634655823
1.14331265096553,5.66171307489276,6.18647181242704,3.22578948596492,2941.78633718286,2.71877130013906,1.47857034532353
2.78898048470728,1.70213543251157,1.42845896747895,2.83257029624656,1127.9531410709,4.05718591330212,2.83340031909756
5.36734939180315,1.46465475228615,2.09981990791857,1.88400054443628,2617.63468563091,2.57479700870007,3.82712991070002
6.42568298755214,2.03273917920887,3.10169465304352,5.62860762374476,1559.70728639513,1.52854382280715,3.57078780047596
2.97939323447645,2.8982860292308,5.94400200201198,5.65269603161141,1553.52769916877,1.02563622694924,4.85868835356086
6.15915602538735,2.81745217950083,5.06821701908484,5.64388483250514,1907.75176672731,3.36189158822421,1.15386594831944
2.83877020981163,1.89225777797401,3.57583757443354,2.37393390131183,1057.6464109309,2.14680067610885,3.01655528438278
4.70949698565528,3.88877059356309,3.43243568274193,5.88667865796015,2441.21572632808,2.31966860771994,4.19698632648215
4.22119831992313,3.88854454900138,2.51172077772208,2.89574125548825,2468.59218859579,1.80205209534553,6.11354260798544
1.99420373002067,1.37546956259757,2.01101143099368,3.31500479672104,953.864997136407,1.10772670010046,2.21024685748853
1.16656704200432,5.30568478209898,1.78506558435038,6.97203991143033,2754.99415660277,4.39742294635009,2.46976975817233
1.44080354738981,1.13602984370664,1.50894552562386,1.73625193815678,2166.79920569994,2.50999176405484,2.61370115214959
5.9704731348902,3.65310602239333,1.70353604713455,4.80289902770892,2170.59712728951,4.70726526483858,3.58835141779855
3.25600648089312,1.9412435060367,3.59790312312543,1.7639739359729,1678.48648587707,1.29646421629919,2.5196963569615
1.1340931574814,2.34292125143111,5.56688588438556,2.82733048638329,3402.30981814675,3.40937622027833,3.97806689864956
3.27273712772876,1.62153117847629,5.76603009691462,1.12278475961648,983.944649412297,1.61240945709273,1.53796269372106
2.56138914404437,5.36865897336975,4.73881768202409,2.64433670090511,2789.19699881691,4.09895168081298,1.60261740908027
3.80406936025247,2.25599887594581,1.23229251825251,1.59857637202367,1253.03969085217,4.9423295150734,4.4340814105235
3.00430014706217,3.22160981572233,2.37139657139778,1.59834553441033,1712.02756867744,4.45654558872152,3.23348907148466
3.61985635990277,1.76779479370452,3.30666237021796,1.73539044614881,2501.32737995591,3.12435308221259,6.08871431695297
1.81959265936166,1.45217458321713,1.61653599725105,3.48233049875125,842.400185624138,3.47996230277457,1.59420120017603
1.472913577687,3.92175956210122,5.54907274059951,1.98192618088797,2072.69309205003,1.55218162868118,1.78917442681268
2.56065273238346,1.17651912639849,2.34832404670306,3.65253694076091,987.036476642825,2.48279482665458,2.40046428656206
2.35228879936039,1.97649366548285,4.11068521626294,2.05941452947445,1484.28052324802,3.92357558698272,3.92900411156006
2.02350147184916,4.64425579272211,1.52363253873773,2.10765192471445,2430.97947744187,4.230952860431,1.38778304355219
1.72592744650319,3.83021483453922,2.92000821046531,2.6309451200068,3696.51841023937,2.02066385737632,2.55648441961966
3.50610803370364,1.50426082825288,3.82747457595542,3.93094047158957,961.809580139816,2.60838801284771,2.62578330654651
4.1598683046177,3.00917192781344,1.21231713611633,3.64083739789203,1664.71670092084,3.42781527248553,1.93333344534039
6.09065578226,2.05204787524417,2.07361004734412,5.57815414480865,1340.05862955004,3.16437278566634,6.33415039349347
1.41133453254588,3.65561523032375,3.67658882867545,3.91402656561695,1953.57566120569,4.50692543443882,2.72957841609605
3.48062404314987,3.76091723074205,4.09550008969381,2.57889529294334,2378.51567873731,4.21640861667456,3.03685147757642
2.06344855995849,2.71593031752855,2.69138711178675,6.35564410081133,2512.57610041648,1.27415277108353,5.08583157602698
2.09736039838754,3.26223181467503,3.67777525843121,3.87037315987982,1734.73418734502,5.01990156342843,3.92300259135664
5.71940636401996,1.61271348060109,4.44953357474878,6.4880239344202,1675.07730452344,4.26634019819783,1.06307266606018
3.90222361311316,2.92119706957601,3.1956962030381,5.55331869702786,2403.32459284924,3.43953779327114,6.76248663524166
1.02934826235287,2.99196527618915,3.1714279174339,3.10957324248739,1613.25991111808,1.16739875006603,2.36880210973322
4.11341195553541,1.24898087140173,2.60389137989841,2.52514922013506,1866.57475149259,4.14403648737609,5.96776706259698
6.81887274701148,2.83949768985622,2.68079632148147,2.84676394704729,2090.45199920889,2.36830851510695,3.26429356448352
4.08403703244403,3.00573829025961,5.16545577673241,4.9912211149931,1931.03331250604,4.08480496891772,3.02012534718961
3.50377379590645,2.30804557097144,4.36673397803679,6.39342747954652,2625.46094724443,1.26782832404621,3.64147035591304
1.95091569772922,2.76153741427697,1.0587233279366,1.63795646419749,3390.96874151845,3.08469833141828,2.63388856640086
3.3011825424619,3.70565188350156,2.29015011549927,1.36102543817833,2356.03114230093,4.93659165153944,6.02535966271535
3.96440517669544,1.38023388455622,1.57798809255473,1.13958553783596,3129.37329921406,3.60443377158591,1.06497514434159
2.80584321077913,1.91422010841779,1.13080913759768,4.9958413192071,1910.66988172475,4.15734472383518,6.35333285806701
1.16658039647155,3.43996573099867,1.08130520046689,3.18614869355224,2138.14583919011,1.15577112868305,2.12137043755502
2.80631077219732,1.43326856079511,1.47018585074693,1.77622367115691,1068.37429063395,2.6017355443712,2.47394132101908
2.28389284247532,3.25116941938177,3.86902478337288,3.10278237471357,1768.1883929763,3.02501014257863,3.5795834462624
2.25159080722369,1.08740127552301,3.58039521961473,3.32226609112695,1596.32906930521,1.03977786850846,1.9095769203268
3.53897925605997,3.42492609121837,2.02606904716231,2.73952067061327,1813.03736954462,4.72103402429632,3.354183614254
1.95508300885558,1.27471209107898,4.5357291190885,3.15952212386765,997.19021956902,4.52111248061632,1.27293409314007
2.27881037280895,2.76518361130729,4.52930122893304,3.44666464999318,1729.29004258476,4.69299105744959,1.61942929262295
2.0854017031379,3.4365462413989,1.72062875865959,3.36071387818083,2349.19036000036,5.13824394668644,5.06334346206859
3.32723721070215,1.23330369708128,2.36211695382372,5.46521796984598,732.312808581628,1.9706311296045,1.3210472650826
3.71013079327531,1.68720628297888,2.36042229295708,3.47730179899372,2030.26767647825,3.6701272609983,2.93510534591042
3.36856989236549,1.85784162208438,2.62779006548226,3.31934534921311,2188.59982268885,2.38453280229291,3.06270442414097
3.73912662034854,2.73356130579486,2.21426322381012,3.60214617103338,3774.8096683016,2.3320868565624,5.49462145986035
3.33972287760116,3.49054618179798,3.70350435329601,3.59785886737518,1941.00849442184,2.4818002689844,2.51827565650456
5.62823491124436,1.57910557417199,1.91261110221967,3.92353220051154,892.773258094676,3.26791139207662,4.58001449797302
3.26644209283404,3.03094298043288,4.48941361391917,3.79862887086347,1634.41898874473,1.55141870826258,1.33005476975814
2.66857655718923,2.19288293621503,6.03036101022735,2.31820752634667,1733.21578717791,3.77516195106841,3.44306345190853
6.07659455854446,2.57785646570846,5.08346587326378,4.11871611187235,1413.28748599626,2.67121825191434,4.19407461676747
1.7536777080968,3.92830959474668,4.64433950278908,2.31467838678509,2204.15644381195,4.56057420666782,3.84450611285865
3.28366715880111,1.5346538410522,2.36061798105948,3.86145441257395,1083.0429388443,3.86239143450786,2.32025025761686
1.46570907346904,2.80635826755315,6.54834175528958,1.69603484380059,1522.59973284788,4.70999537544168,2.48133469955064
3.98227480612695,1.52420006273314,3.97760329977609,5.97360687563196,1323.6467078235,2.37719133367375,1.60284771304578
4.90506780846044,2.76866850978695,1.28707185341045,5.91203868575394,2116.05933986139,1.80809342561768,6.10760244121775
5.5098077612929,1.75764056923799,4.58140137465671,5.78598146140575,2071.44010820892,1.50238382535776,3.9000153769739
3.1243947558105,6.72155667608604,1.70572338090278,1.19798191357404,3476.92364180926,4.79618610662436,2.15691079106182
3.0833471447695,3.5656937896274,5.14302109880373,2.12409926042892,2233.00118814223,1.95368039576724,1.65635191835463
4.29763852618635,2.00558348651975,3.77539800503291,2.73167266044766,1534.10050302744,1.48114339370942,1.73025588365272
1.87390412716195,3.04173886752687,3.87826008792035,1.81458993023261,1653.52107931394,4.44152029060606,4.0763328676112
4.72625364782289,2.08542972174473,2.19056911324151,2.1841543065384,3129.64788499754,4.48605875387242,1.28471325291321
2.67541680065915,2.74100259388797,3.49403622956015,5.6955025033094,3167.4751143856,4.85474247183978,2.25380200706422
2.91234621079639,2.03828285890631,3.08863619761541,6.77712244400755,1466.19170027319,3.37274367816918,2.26391746802256
2.25223611807451,1.85224610310979,3.32604918489233,3.57866597850807,2847.56792966276,3.33714385303568,3.48152946750633
2.0226554563269,1.60870653414167,3.89011128735729,2.71058822050691,1793.9139865106,4.62118196529439,2.2459681853652
6.39998965477571,3.32090139435604,2.45254520070739,2.81273934058845,3238.89018846676,2.28977824605009,2.00812007393688
3.54964977642521,1.51226484728977,4.20528045156971,6.54021176043898,979.765698965639,3.31207207814243,6.13481337344274
2.41766498005018,1.15730837499723,3.12384159350768,4.7739203479141,687.983474624343,1.83125314190648,2.46719158953056
3.63462688261643,5.85294464230537,2.7561673943419,3.44060425111093,3038.38005736005,2.61110973876748,3.0779158747755
3.18354656873271,1.25356084108353,1.24050355213694,5.13554706890136,1831.65967295878,1.45612992832425,6.45825974037871
1.30127747217193,1.02615405176766,1.49351273337379,2.3404691668693,695.404004291631,1.78178521864384,2.16087591112591
2.59861576603726,3.8236256360542,2.94612096599303,3.19065677444451,2026.59953839146,1.72024443608536,3.88859225669876
3.45233004540205,1.75079989200458,3.8396057644859,4.84733968554065,990.039764395915,4.16983421591318,3.02490576310083
3.71252424851991,2.4303724935744,4.40989603102207,3.13080657157116,1758.80393223837,4.46465311239857,2.8363809462171
5.15195443620905,1.6278297114186,6.18445572303608,5.69886538013816,1608.50569046102,3.78126958810443,2.19468319648877
3.67259761714377,1.40450148005038,6.03210843866691,2.31355521315709,1006.03145216592,3.75941260953592,3.27286170306616
3.53199492348358,3.06328296056017,1.9605848188512,3.64073041686788,3858.48753671162,4.95437909137,2.5966032166034
2.50884418189526,3.24014928285033,3.9376105372794,2.128555548843,1732.61925349943,3.90197358831751,1.42421372630633
3.21061866660602,4.34662701468915,1.9670316290576,3.59098264877684,2275.01864475198,4.42241008801039,1.65619329642504
6.75981970084831,3.73376745986752,3.9802821232006,6.91795386653394,2618.91168081667,3.92064913828281,2.48622117377818
5.34990257350728,2.07403769413941,3.19075623620301,4.65703210840002,1443.56409980915,4.79576011714224,2.19860393367708
1.66121781570837,2.4143992732279,1.7521589351818,4.39014415163547,3504.79578478262,1.27864778950605,3.61411874461919
1.81431308574975,1.71728511480615,1.64882826199755,2.53813765244558,1704.23093176447,2.65756530768948,2.63844787329435
1.36349100852385,1.32709773560055,3.23619617475197,5.85421324474737,1044.00753916707,1.25423695733487,4.82886856794357
4.04732689354569,1.07767683174461,3.52177172712982,2.52055504871532,1401.1013193056,2.90425403025404,4.56132505275309
1.57854399085045,3.02211375115439,3.95606907503679,3.08652707748115,1762.81447087415,2.21177256648386,2.02076679561287
2.99340575514361,1.87031214428134,5.16212061746046,6.01687627425417,3051.2105810456,2.53997202363529,2.95776704978198
1.27881065802649,3.96603718074039,1.11283974745311,2.94699068274349,2434.71321229823,3.57254076871929,1.03208008385263
3.0470299271401,6.78096279175952,3.0070068417117,2.94270863803104,3497.39669538569,4.49519735585118,2.65726513415575
4.10772276809439,1.23922503669746,3.32116322405636,4.55263847159222,721.808333401568,3.47440978589543,3.32543177390471
6.47938850102946,4.27960294065997,2.49229319626465,2.92326170625165,2258.46269227099,4.62319467701675,3.69654807634652
2.4747455297038,3.63985798158683,2.64089300786145,1.6670016516,1935.1232373016,5.29090431054223,5.07303543854505
6.05559237161651,3.88246613251977,3.25564541853964,6.87919081235304,2123.43095680699,2.66096878127948,3.29943382600322
3.45163805992343,2.97177327563986,3.42489428957924,1.63455835543573,1741.55557544902,2.22221515268024,3.04378242092207
1.71503178752027,1.79003580007702,2.78740335558541,1.93537212326191,1647.85543145612,3.26927678241687,3.89722745958716
2.5637075365521,2.51751061435789,1.09977067424916,2.94042524276301,1369.13103032857,1.80562871719641,3.8841379233636
3.40397779364139,3.05918348277919,2.1524599508848,3.25112791359425,1797.59108733851,2.38395063674362,2.24803491821513
6.39256382919848,2.81409872951917,3.71427769586444,4.64107555197552,1596.73969710711,1.64440698531436,1.29443266196176
3.86494111595675,1.87418295885436,2.35556931770407,1.74421159876511,1519.07702661585,4.27145900155436,4.88885637791827
2.14244989235885,2.16022685286589,4.43181192222983,1.24276398378424,2536.58143656794,3.18593185541808,2.28207660559565
3.02957702358253,1.69060451467521,3.67378141568042,1.9512353646569,1344.52800595667,4.08823882822789,2.69930892949924
1.13797340029851,2.05114354193211,2.52527475450188,3.99288775329478,1645.45684671029,4.86352880647521,1.98870311514474
2.16046152450144,3.12269649421796,5.02776665706187,1.86460550851189,2220.4640498478,3.96658713310602,3.51048867544159
3.35869525675662,1.42378121521324,5.10694184480235,2.40663849911653,892.106448160484,3.51077105109209,1.45346972555853
2.23047906253487,3.96004801127128,1.27629985334352,3.07136335340329,2299.78865667712,4.57613787672604,2.28337629092857
2.53444149997085,1.04383504996076,2.94214256759733,3.4859643059317,2628.51170280017,1.73938896571287,1.39516162523068
3.24267419148237,1.00552805443294,4.19118720060214,2.77815560949966,826.490523247048,1.0398209268945,2.30399662908167
2.21458525722846,1.56372304051183,5.25048608984798,3.54507949063554,1178.16660740878,1.81630263843176,2.78218883811496
1.07867135992274,2.00669217691757,1.39127454138361,2.79254230950028,1541.76128951367,4.07289829111264,6.67854869086295
6.95106660714373,2.0583704803139,3.7629136540927,5.00612896541134,2213.78912041895,4.82076859600139,3.34386553894728
1.2867354680784,1.25050202268176,3.18639522069134,2.23067582491785,727.791320732795,3.15985424991452,5.57007282087579
3.08421966247261,1.17510293261148,1.68092475342564,3.22903070785105,691.857160180807,4.37601769762803,1.90724415285513
3.05340319103561,2.45422126003541,3.74294766527601,2.15102576813661,1925.35767485853,2.98112352893228,3.38972674496472
3.00707680685446,1.80891267792322,1.16165200714022,3.16063684225082,2686.76286382601,3.55437568655485,2.56196732004173
4.38352899299935,1.52750173141249,1.23181448504329,6.45600156066939,874.583595278673,3.50593218573281,1.65007745055482
3.16167977172881,1.40248142182827,3.15129713411443,4.77594487788156,819.12374004256,1.00121434569924,5.92081710603088
3.96526244143024,3.16427929676138,2.307612959994,3.23002254543826,1968.38167018723,3.45450821830163,2.98572519863956
1.18925360380672,1.28983546397649,2.81597135355696,3.29451855504885,2688.34688232746,3.47333024741486,3.77004113630392
4.23601549630985,3.8646586870309,2.16572856158018,3.39861837821081,2187.48204836156,5.12809860276341,2.30414489656687
1.2716312604025,4.57562336418778,3.42902601254173,1.64922551810741,2399.39469838515,5.50774505819878,2.07628815132193
3.53383490280248,2.38837959244847,1.20410971902311,1.66426900308579,1474.78670398705,1.00282354270281,2.52345002326183
4.83342924946919,3.41401198436506,2.38572228257544,1.3787911250256,2362.25266889669,4.22989882308031,6.77467564772815
3.20606476953253,2.42174008954316,2.25350616779178,2.26176427165046,2672.34166000038,2.86127587744959,3.59175499156117
4.39644388947636,1.92827618983574,6.61516315769404,5.03119952697307,1322.44329542387,4.55646126645188,1.20541362883523
5.70014250837266,2.38625845406204,2.39603570103645,1.3207729505375,1353.2937364094,3.18998494474132,5.70080901216716
3.56917853513733,3.36039938637987,1.41632034280337,6.66180271562189,2180.06656785496,5.26150303537905,6.12298478418961
3.64664961979724,1.41969301179051,5.9571449351497,1.90868372377008,1455.8138435008,2.35009942467514,1.90772706503049
1.44378923438489,3.72760410816409,2.36396570899524,2.76180046773516,1968.29330154229,2.33044582264909,2.91788514424115
1.22247592313215,2.93706402904354,1.57947301864624,2.31559283426031,3181.68840717059,3.89557090965013,2.40203501889482
1.79340416565537,1.66295466409065,1.1077484851703,6.58014164119959,937.4008672731,1.4451602865977,2.44120981032029
3.55996920121834,2.8441984525416,1.61285286257043,4.99371873214841,1961.47554139607,2.05667328950203,1.38019750360399
3.26273999200203,3.73249106993899,5.05315687647089,3.74739565420896,2651.65715388022,3.18616598887184,2.3316669028718
3.64970660535619,1.86099910875782,3.16363059543073,2.0171734939795,2452.82960554585,3.13448089034313,3.14184580557048
4.17135477531701,3.33133810851723,3.01249540550634,4.54287276510149,1771.07729568146,4.80459224452163,4.85573351196945
6.78300117142498,1.72424537595361,4.90813843626529,5.72739528305829,2815.14265201986,2.24518522184105,2.03589352825657
1.23948761448264,1.68531177518889,2.88184107816778,2.10875219060108,1522.87455336191,2.40098559597524,3.27897039428353
1.68558490998112,2.20641920063645,5.6353292549029,3.09568989183754,2318.11335302889,1.36914410000454,2.06835761084221
1.8992435215041,1.77598006511107,3.81354965385981,4.54687889432535,2112.2852016706,1.6625835446766,3.95814632158726
4.30833355663344,3.56131582451053,3.86852151993662,4.9072798807174,2810.36711584311,4.12267695095858,2.07552414853126
2.68631801684387,2.5909225360956,6.14044224331155,1.24052556860261,1530.1190422615,1.53898304206575,2.80901395133696
1.90626131044701,3.42508169147186,4.65343084465712,5.05973882041872,2860.87413030211,4.75279876548886,6.12517560692504
6.48175813211128,3.42008236679249,2.33719492098317,3.125998751726,2230.86913449224,1.99750134765927,1.13914679270238
4.97894126363099,4.23077338421717,3.51153825107031,3.74345756648108,2226.95992500056,4.61559850010607,5.58348592789844
1.48180937953293,3.64297869545408,1.93481197673827,6.5741202076897,2135.85953580681,4.86822662224117,5.24456671997905
3.35558967851102,2.33911514864303,3.06580134457909,2.81271335668862,1282.63728077058,4.76403343982821,5.47847833344713
1.26278585754335,1.82884716265835,2.15126654040068,3.24017823673785,1323.76684143674,2.51642199061767,5.89418398309499
3.42432980472222,3.31173082673922,3.51208903221413,3.38601312879473,1772.10587915964,5.40087958784491,3.31508127320558
2.27100138668902,2.95663477270864,1.90143353678286,3.78751699160784,2035.82279125694,1.54079150969712,3.29787589842454
5.9333259537816,2.73582425760105,3.66638762853108,1.19909356487915,1477.36728773918,2.77197676317188,3.44992396002635
4.48354058898985,3.76536330650561,4.85134315630421,3.81850553164259,2149.59886149969,1.29132923223983,1.93681162921712
4.18740745680407,2.81590374791995,3.16909288056195,1.44662957219407,1898.53585688397,5.04879583034286,4.3366045858711
2.57432095520198,2.79628718667664,2.93775279377587,3.8492685300298,1820.49370623194,5.1189106419991,1.44118033489212
1.06429203320295,2.45648503117263,2.55159046594054,1.67982113407925,1764.94753640145,3.54747836258359,2.92668145010248
5.39066600939259,3.44407534808852,1.61394333769567,6.8668080563657,2424.82216903009,5.3737803481177,1.46330559905618
2.03465555957519,1.11642726766877,3.53079267917201,2.82494423119351,659.515400417149,2.12278337191587,3.42744253692217
2.99458713550121,1.46652333345264,2.75375706353225,3.98849004181102,1596.01274396293,3.20132470307723,5.82022386323661
4.68503459263593,2.55154171399772,2.12939388724044,4.17036691633984,3111.06190626975,4.26680885372791,1.85918278805912
3.34159753704444,1.51001365319826,5.98165339371189,3.44535218784586,1291.59899612423,1.87738275848608,2.09844184201211
2.77422606153414,3.1705476520583,2.12704331590794,2.97462841658853,1700.99744634237,1.29749536412666,3.68307317863218
2.12932085851207,5.13338260026649,3.56636941013858,2.4309791373089,2667.97793714795,2.06955917145925,1.90909386845306
1.04095314629376,2.86465617269278,3.73891315422952,2.79835400683805,1532.96229214873,3.34111089798129,1.82389062549919
1.81050834292546,1.86376182036474,5.56511950306594,1.16870892141014,1616.6240459634,4.54697132858788,4.73163853026927
3.15390925155953,3.36756477295421,3.8257486296352,5.44832397717983,2470.21454481874,5.26134285348207,3.99364895932376
3.02265760744922,3.35821192059666,3.16975141596049,3.15923100989312,1795.80267509446,4.47367675265675,3.07152995769866
1.46352868201211,2.21406492823735,3.75636343075894,1.29104288341478,2191.71919883229,2.8436736087277,4.57206822326407
3.37182434508577,2.68729813233949,2.90586863062344,2.09152962523513,2064.74252542946,2.05962609597971,2.68035088339821
3.28721861029044,3.53529529785737,1.04022821644321,5.23978151660413,2217.87426880561,3.92288621126463,4.84852459467947
1.723348534666,3.66816737619229,2.64538560528308,6.23729088762775,1951.09075096902,3.04983233130163,1.4861998972483
1.05491456878372,1.06128287268803,4.60537223191932,2.02113576349802,785.176649135537,1.40014736679321,3.49846523627639
2.88305265642703,2.196024232544,2.14579681493342,1.5308523545973,1203.58264786191,1.44282315129429,3.26663295086473
1.68138162791729,6.40209138486534,1.49551522871479,2.0110981320031,3317.74294043425,5.2526536056172,2.29935712972656
3.84183388389647,3.2521750528831,2.83619413734414,5.20833415398374,2139.42915880121,3.74775192262636,1.83202336821705
2.52250212989748,1.57493955944665,2.44301327737048,2.76868055108935,2187.76503133122,4.19998502285099,3.9388303081505
2.46938065206632,2.68587511358783,5.3621325623244,5.79767292411998,3573.95835670643,3.79257845395647,2.34999334951863
1.87830590526573,1.27999968267977,1.07605183287524,2.8770781098865,904.74479265511,3.51443613735572,1.35033108177595
3.68247657222673,2.76621482218616,2.86885089264251,3.98112917388789,2947.11674693506,2.39436535887835,3.49494742834941
3.5723434984684,1.47763339662924,6.17260606586933,1.11658573662862,1990.48797246069,1.03917761233491,3.88891160022467
2.07702935533598,2.28542680200189,6.42770520411432,3.39147867867723,2627.35903998837,1.40246851453962,2.04541379446164
2.71027366025373,2.45364077063277,3.11839031381533,2.30752296629362,1632.09057617001,2.54839763452912,1.26658954913728
2.53817130019888,2.2865990663413,3.67630624049343,1.19404006097466,1262.52116580494,3.93751799621398,1.32245208323002
5.20267086243257,2.80391407874413,4.48468095110729,4.00494760274887,1883.79198631737,4.45517855363154,1.10001346375793
4.04708164185286,3.50046321516857,2.78082880727015,3.78757751034573,2413.33719874732,3.92140262007048,1.04213660396636
1.72612574975938,1.50460517569445,2.4649506402202,2.63153186370619,1137.11799141951,3.87479082274933,3.80132904648781
3.3338516568765,1.30665139108896,4.3340758299455,3.03399161761627,800.80494415015,2.73349978052197,4.56657494744286
1.02256338414736,2.42754645738751,3.03989446116611,3.56404618755914,1322.83882493619,2.81075288948198,1.81300088413991
2.53966757119633,2.68969786353409,1.09760170173831,3.20276449923404,3554.70212149434,2.40202369028298,2.3619155366905
1.88071651477367,2.07001501903869,2.97163417795673,2.31577621912584,1135.36264419556,2.57617487213226,3.60769674554467
2.74998919060454,1.02053895685822,2.06620249710977,1.99702660203911,827.764111720026,4.25162509497935,2.45087169785984
6.34059257758781,1.72732284548692,3.70795329497196,2.29708134382963,1151.92105678841,1.1447260831067,1.50272578606382
6.59968930389732,1.64019723539241,1.88436694256961,4.56424202071503,2178.97561892867,2.86586576122168,5.1716370433569
3.04926823405549,2.82348933536559,5.6663552285172,3.11194999539293,2164.9836973194,4.46376396291924,3.95757881365716
1.01569417351857,1.97692760499194,1.95603879448026,2.33737837849185,1107.93456610292,3.76908210106649,1.00859531061724
1.60998332151212,1.88704120623879,1.98088396247476,2.02436538762413,1104.0179725131,2.84289373366039,1.16252115601674
6.66469682613388,2.16271829255857,3.9194002575241,3.91879260726273,2082.89294328075,2.1757103780465,3.05860952846706
1.90223526442423,3.62395289284177,6.09185859933496,2.58426216198131,2874.90439220332,2.94981481619949,5.59393796697259
2.12914607767016,3.06794507149607,1.41764975734986,3.24844448571093,1931.76486224402,1.74125739356422,2.46234252862632
2.92288642888889,5.84846351901069,1.45393783040345,2.9807014868129,3034.54736983869,6.26571039791708,2.31594220525585
5.91340199392289,1.03219715389423,2.76309680030681,1.88949774159119,932.794879018329,3.89744459247253,5.39533761981875
1.59954850794747,1.56336718960665,2.69452277268283,1.332692054566,2795.09516637772,2.79325701259059,1.11136877862737
5.66194702358916,3.82707552192733,6.26737326011062,3.69725146470591,2215.73680269532,4.33866175221563,4.66662108665332
1.70447445218451,5.40866619395092,2.22356888605282,1.26575076999143,2807.28563030716,2.68545814110393,3.37575220689178
3.15267771459185,3.93985041091219,3.37127092014998,2.37507652444765,2111.30094809923,5.01442343200554,1.41165310842916
6.46816572500393,1.36444817855954,3.24907340295613,1.50894108740613,1446.97739599273,2.06303022766547,4.15832685865462
2.21146487095393,2.63445147126913,1.28652497194707,2.30774999363348,1611.16125977598,1.63083292470384,1.50715826149099
1.38756861281581,2.39268082543276,1.17945603909902,2.67962250020355,1315.75333496556,1.60202994808277,3.2330853396561
5.81265649804845,2.60937735228799,2.60045966738835,6.07236528070644,1448.28840420116,3.08156514460422,6.06323093129322
5.35313667077571,1.4499132365454,5.95304021798074,1.76442762464285,1080.10568683036,3.26532094708083,3.43073026230559
3.40909932367504,2.18347863713279,1.97702242597006,1.08400943642482,1330.7179717999,2.26861636793687,3.42184359394014
1.76009864546359,1.19783408893272,1.26733731059358,3.31455644313246,702.967502675019,2.22418030917712,5.27297365479171
1.80879244930111,1.17350402800366,5.92299924092367,1.30659005511552,978.003098820336,3.83150299896648,1.05410992284305
2.67512432532385,2.62968458374962,1.47690520551987,2.48937103291973,2754.82297318988,4.00797928080982,1.13006879063323
1.51466427044943,6.02869079587981,3.45133091136813,3.22528490517288,3116.95698798168,2.74611053482514,6.59781457670033
2.54891972127371,1.23508015554398,6.50871892180294,2.18007083958946,732.815562626347,2.68483680507854,2.24067244096659
2.0992612359114,1.58705579605885,3.71349276904948,1.67393451789394,1234.65655793902,1.52146464585889,2.49064441863447
1.74154859548435,2.33465889375657,6.51118267327547,2.60949528636411,1637.96399482526,4.89791614368322,3.49614833015949
1.66564872092567,3.47773184860125,1.23895978927612,2.45932227605954,2962.5861039944,3.81224467701874,1.97281036386266
1.9440294355154,3.28805173444562,4.07476022560149,2.18055400950834,2678.26065437403,4.35186913947062,1.90532521530986
2.20266828080639,2.57922254758887,3.82298264559358,3.84535436844453,1402.39982814994,2.59824585320547,2.16017380310223
2.30851234239526,3.49170488771051,1.13096743542701,1.33803932322189,2120.87220917456,3.93551671550693,3.61089901672676
2.66641510045156,1.25909534259699,5.64489492028952,2.51932417042553,795.543433721177,1.88755688294745,2.39366949955001
1.23110128007829,2.67404837463982,1.72414640383795,3.11788407899439,2119.34659131803,3.15472033905241,2.08037044899538
1.63243317138404,4.64425064623356,2.88136008335277,1.55258535966277,2440.56693951134,1.21154935688129,1.54875596356578
2.11788741592318,2.94579701521434,3.65453036059625,2.44442461663857,2017.34352466185,2.53808769483974,5.14919413439929
2.36396803706884,1.80719829373993,1.76499132299796,2.08666303148493,2897.03451524489,3.45187775652408,4.28451591916382
5.90656881779432,3.69443049118854,1.01973756728694,4.97586187114939,2610.1850361703,1.72547198245589,5.22455084556714
1.08296107547358,2.2072754225228,2.68615086562932,2.3865899995435,2502.80197591055,2.84811065628499,1.007908745436
4.29138555796817,1.33317070803605,2.61839496972971,5.37601508107036,843.552389522083,2.12472842503984,2.76098771998659
6.0307639813982,2.34460030868649,2.53422044962645,3.30065671633929,2441.10457375646,3.07708755127856,4.70405125757679
3.96571266627871,3.51450103870593,1.50239418889396,3.03327784128487,2327.3629890522,4.45420623479469,1.22990112146363
4.14764961181208,1.51966836024076,5.49231745908037,1.84252146165818,873.946450073272,4.04549910272161,4.61062118085101
1.31270156474784,3.6336024729535,6.16854729969054,1.45221410878003,2545.70805240422,4.16945736996967,4.24369046557695
2.80939005082473,1.92978238151409,1.13450446445495,6.86605752119794,2173.54898894671,1.41832488672805,2.99520838679746
5.61225199652836,1.05255847028457,1.78675870154984,5.60744007723406,1103.14913608599,1.88672794067325,1.2844591778703
4.33316652476788,1.35848085861653,1.51969525846653,1.44625263381749,1163.57304191217,2.92267940570528,5.0081430291757
1.49159496789798,3.11177371768281,3.8417468755506,1.40402629110031,1939.04844691046,2.42099800843801,2.76245607505552
5.66853604186326,1.51994989998639,1.22381789027713,5.97170489327982,915.752933733165,3.17169322220555,5.83342882525176
2.17674888251349,2.50334991631098,3.00705809495412,1.90069122915156,2461.56762718689,2.63998725553589,2.14180983277038
2.7070155586116,1.08041012706235,5.83678374346346,5.61414200393483,1149.42565963604,1.10963335090787,1.35107938107103
2.77250290848315,2.50750691420399,1.93329304736108,4.46092579932883,1362.31502458453,2.10358632531013,4.17548925243318
3.90635905135423,1.97629568492994,1.41454054275528,6.49983934033662,1458.21195906959,3.08901718311246,3.25737721892074
5.78606213163584,3.55216926545836,3.4144917728845,1.01525395456702,2311.79569272324,2.06747132958985,2.50587060814723
4.82522342773154,1.51629791385494,1.43294011172839,4.6804541409947,866.001189965755,1.42113145856848,1.30760026304051
3.51042624562979,2.52106632315554,3.18714442802593,3.35523050557822,2536.74002167303,3.92238194968806,3.65896837366745
1.0426389335189,2.24595299176872,2.17717487737536,3.03889593691565,2696.44699492492,4.72055933800731,1.20672528003342
5.30832558590919,1.49980944674462,6.72077827528119,6.3085899152793,1090.75732610654,3.70553958133394,3.65926224738359
6.81267796037719,3.33483960805461,2.42840738780797,2.39993374841288,3193.71668270789,1.44336148897931,5.4983821446076
2.64244944276288,1.32150095235556,2.6100485289935,1.04927003174089,1662.38455488347,1.4371371550847,3.83306234516203
1.37591177783906,2.0650088051334,1.69060155097395,1.07185224234127,1649.09696855117,3.08119161484227,3.32591686327942
2.8126686909236,3.13767243921757,3.62554429424927,1.88407120038755,2423.51241844241,2.33956160585648,2.71531635639258
4.13253010855988,2.0909489961341,4.26902999682352,1.90793286729604,1924.30052803829,1.08581185027441,2.27670028107241
4.17965598171577,3.78775052400306,1.37195425108075,5.54061466408893,2791.74658650532,2.19075908207577,5.18630843330175
3.17943683150224,3.36390794138424,3.60224286606535,3.59679829608649,1792.65239357483,2.06941293645244,3.60913548944518
3.8866675440222,2.47321944497526,5.06309698382393,1.16807263996452,3317.10592741147,4.90477785224938,1.39684874238446
4.25507681444287,1.45359844015911,2.19584393780679,5.81415674136952,1148.32491405308,3.11852364964076,2.1759386388585
3.89436026965268,2.54594673286192,1.73862789617851,3.74781717732549,1879.38485741615,1.64809244538922,3.45765292202123
2.95766477379948,1.34688421408646,2.83668860537,1.52280720835552,777.506109410897,2.61588899226688,3.70070360600948
2.37655062181875,3.75701877544634,3.73397613782436,3.93218539725058,3090.52347478922,2.37080835426174,3.77425682777539
2.39771795319393,2.86250943597406,1.4047760788817,1.55196264153346,2154.91663967259,2.18548729097084,1.86662589712068
1.31534857396036,3.69966718996875,4.72422667313367,5.34106376720592,3104.02986971196,4.31213862011785,4.52866673283279
4.8594016158022,1.15052815154195,2.52216805587523,1.30090656736866,693.117480650544,1.26304902142996,2.74155337223783
1.38485761685297,2.72832220140845,6.52523066475987,1.27513374271803,1465.5863166973,4.01972229639971,3.35721911839209
3.26658733305521,1.60745481215417,1.07626820332371,2.39389110379852,1075.85277417675,3.06336753054924,2.62016122671776
3.88998282002285,2.70112150977366,1.64458404062316,2.49586468748748,1853.35256625898,2.96091524849521,3.58436037809588
3.48175651510246,2.46156646986492,1.83100962731987,1.45311237708665,1549.53788084909,1.70955434185522,2.77088508731686
2.3366428182926,2.06869945139624,5.5908957789652,3.40924300975166,2718.22183835786,3.83723528199949,1.60676397918724
2.49600893305615,2.94767698599026,1.95646326313727,1.57154279388487,1624.22855098732,1.3474913875389,2.52227467717603
1.38228608039208,3.65022458322346,2.40011965134181,1.97056490159594,2328.74141605105,2.29175608647221,2.17372343875468
2.81959623261355,3.88460162980482,3.85476115066558,3.79841377516277,2384.4301983621,1.10905252201694,1.7676457054913
4.23677322175354,3.13777862885036,3.48290565586649,1.6573070208542,1686.41808435321,3.88893745958637,1.4830016172491
5.16502400394529,1.70949519402348,3.94784344127402,4.31498781964183,2616.98522193823,3.82161233693958,5.15976551640779
5.88080008979887,3.83561225002632,2.29037182312459,2.01454985840246,2099.59481894039,5.36786129279636,4.31699284631759
5.96040153084323,3.76737198000774,3.80717166117392,5.24791467003524,2296.51926483493,5.35043379330792,1.4640073501505
2.57504254207015,3.71173894801177,4.07994946185499,1.94587279204279,2364.71256839577,4.86710220422719,3.79756657290272
3.03729902999476,4.38757823174819,2.86139993253164,1.93724697688594,2294.47278287262,4.86508367949918,2.76799919176847
3.3695977665484,1.84504761919379,1.95767076639459,2.40272634848952,1553.97434581071,1.54742402161417,4.11337794875726
5.12267082417384,5.82882908824831,3.58891677577049,6.51931164134294,3020.04535951652,6.4043072189507,4.68188797170296
2.64604853559285,1.09389468911104,1.0437385183759,6.89302140381187,1698.34159600083,2.2491797180941,5.36908811423928
2.70520454226062,3.14497647644021,3.59696070384234,2.62461033812724,2313.05004217196,3.81760157095527,2.45017839223146
2.7500437903218,1.42413298413157,3.01807434367947,1.57089470862411,841.33897814434,4.16351661233403,3.99962460598908
1.43825325695798,3.67803855775855,5.72670624870807,2.8023812933825,2190.89920740109,3.99972916760097,5.66055629681796
2.85181239666417,3.66186604648829,5.22238606819883,2.89462924445979,2211.56933996826,4.73516327108606,3.4805658783298
1.13984391698614,3.47963283280842,3.8878593982663,3.85307187447324,2255.40906989481,2.13564041981785,1.06945778895169
2.91992276813835,2.96903341659345,3.81628920556977,2.86132582672872,1599.67314659152,3.77732677050308,2.18284093705006
5.70349346054718,1.40214493381791,2.79782001674175,1.44002181757241,1640.96168393735,4.09684686808799,1.93029154231772
1.32512409286574,2.39189780550078,5.99808376794681,6.66393811022863,1528.08252611663,3.75401455639759,1.19121729163453
3.04732529283501,2.39317908557132,3.38020466547459,2.10483709792607,1504.1463839449,3.61399414241753,2.37726219720207
2.75495903892443,2.4180435501039,6.03350141877308,3.3899501694832,1317.05915629864,3.36514885280424,2.65966036217287
1.29987427312881,1.69310368108563,1.82390712806955,1.47115368535742,1023.61155190039,2.51426162043283,1.76505553186871
3.95593783818185,5.87070985417813,1.49439125042409,6.61375566152856,3046.32337015588,5.08978229828274,1.24839415075257
2.87027027714066,1.70902376854792,2.0608048629947,3.64194713882171,1030.05792554934,2.84927957538103,3.84814935876057
4.84815646149218,3.64043209096417,3.0316643815022,6.25117168528959,2378.96000401117,2.32292145299443,4.90447860537097
1.10678841569461,3.15186264365911,1.17737607751042,1.2790807809215,1679.55563490279,4.0364634158045,2.07734024850652
3.11069088475779,2.40109251369722,2.01058037066832,2.84361574891955,1487.1068901848,4.4790437845105,4.05340580176562
4.9764636401087,3.807691257447,2.30421638861299,4.17560504563153,4160.99326393101,1.66793940659428,4.74956345232204
1.21414889558218,2.75842683832161,5.23113453853875,2.29072570079006,1534.65526044834,3.66691041339844,2.5894466380123
1.78848982788622,3.31451232568361,5.07689236011356,1.47739032981917,2196.58704013098,1.50602628704146,1.85496406792663
2.56949366349727,2.48821406974457,3.56300159916282,3.20824399450794,3293.9544692589,2.21752247171552,5.85778828570619
6.41968957334757,3.05001135822386,2.85772880911827,3.35838199220598,2727.53692260012,2.978356907446,1.87813676195219
3.64804427907802,1.60299340519123,2.39258221862838,3.4843551251106,1567.65672782902,1.21220793912997,1.21813047560863
4.43839996960014,1.45690209115855,1.79414582299069,2.7681472399272,1077.81558190472,1.53753349492558,5.39277565618977
2.38618689635769,1.38866376504302,3.17654363601469,1.3292886079289,1450.1451860927,2.13558137625475,1.57296160422266
3.50003953231499,2.46022915048525,1.89621394407004,1.45390494400635,1929.13026927039,1.75100818044843,4.99924897355959
2.81958100060001,3.66002163803205,6.8543605459854,4.05378698557615,2821.6916166991,1.98300749311836,2.06647226307541
4.57059885887429,1.54050892451778,3.39458338310942,1.40911290422082,888.042196258903,2.05216162630442,3.1500931289047
3.02108486415818,2.64894029707648,1.7364469319582,1.16445718635805,2370.34223946277,4.43350185943709,2.45826285518706
1.75874911015853,1.04133982374333,6.25717816548422,4.90115185175091,828.000942044891,4.04401914052502,5.64065517205745
2.49038858758286,2.03486259398051,1.93217791058123,3.94313164870255,1966.31018211599,3.13298408818829,2.34410907817073
5.46891224617139,1.55488429777324,2.22691935137846,6.45588986203074,1533.4462126717,1.21837010500051,4.00212081847712
6.79369368311018,2.84923745505512,2.2913692954462,6.93816882371902,2150.58253395371,4.00598580881655,5.48390316963196
2.2264954932034,3.08711752318777,2.61559068807401,1.63029004726559,2611.26675072592,1.66632810798916,1.02791963261552
1.98015534458682,2.49030778533779,1.31992500647902,1.65066719986498,2287.46550183278,4.73812947182928,1.34060430224054
2.00835306569934,1.48649186547846,5.34050753433257,5.52543134661391,2300.71749938652,2.61883311695589,1.85634332895279
3.4256948758848,3.87604135973379,3.73303293902427,3.12852603453211,2186.44683318213,3.75775923804447,3.61171998851933
2.23715759953484,1.79832004988566,2.84116028714925,3.24006559234113,1013.52639253251,2.06998596366865,2.42088369233534
6.58699852135032,3.35293297143653,2.8307716732379,4.39339813077822,2236.65269393474,1.99198757535699,4.01191274914891
1.78919963818043,3.53247577580623,1.38505421509035,2.70041579054669,2036.82307878044,1.50252777626366,5.15097178798169
2.13193598226644,2.10571854026057,3.6698462497443,2.35037098289467,1740.16114122234,4.8561630435929,2.19862775644287
3.0248842369765,3.96957002789713,1.05940361507237,4.33130454225466,2089.98696208,1.80762105092601,2.28932909900323
2.54591870168224,6.51075569633394,1.23576180823147,1.09752711746842,3364.62572692893,5.85203290035794,2.22331022331491
3.36881827260368,1.71126828226261,3.75444671022706,1.15255475323647,1595.29615920503,1.82912874715914,1.99516954529099
2.06081085465848,2.05341310915537,3.5881489473395,2.81159577099606,2007.04465506133,3.55909379814802,1.5939282993786
3.09759187069722,2.11131631187163,2.01416331226937,1.97055080952123,1426.72313476447,2.61378128924235,3.81964680738747
2.09147837548517,2.5836128864903,1.26981804450043,2.28469411190599,2366.66310783941,3.71150465717735,1.0928802266717
4.41444832226261,3.63702067732811,1.85371089167893,3.36908482620493,1936.95973163471,2.40431138736371,2.71743198856711
1.61481988569722,3.59702820889652,2.375270701712,2.39229160686955,2723.77093085088,3.1086083286253,6.81534402025864
3.91938638687134,5.36918737972155,3.62392780231312,4.69670078810304,2786.93790487479,4.12245426832814,5.17621451243758
2.47181012504734,3.91585110267624,6.8276456897147,1.83964890101925,2301.02582308464,4.26950673737396,1.33264995925128
3.47948146332055,1.83436492830515,1.10456990683451,3.15082474960946,2502.89825818967,4.11093604494739,3.83271783706732
6.04635425284505,2.29422309529036,5.43493568897247,2.8930882839486,2083.04397909902,4.84977319068986,3.73472619522363
2.61142922122963,3.65528363734484,1.02542397752404,2.31669928459451,1940.02894143108,1.31386481776374,2.17367075709626
3.11225845082663,3.69452002597973,1.63630100339651,2.98356413794681,1955.82072904799,1.53905920815284,3.20946366898715
2.90989268524572,3.7868020159658,2.39868879062124,5.97046886011958,2710.50974709447,3.93959779143759,4.13598787132651
2.71936593600549,1.65783634991385,1.71713868505321,1.0373964777682,1402.44363473263,3.49368779164892,1.69315488194115
3.54659014497884,1.80496948491782,3.27205363102257,3.02968299668282,1012.74978256319,1.82580457194662,1.65902922325768
2.40866318484768,2.33270385535434,2.46413904358633,3.75348241487518,1325.53548605181,3.11332630071083,1.39011235767975
5.81569121079519,1.55863856966607,2.13219353440218,4.73482806654647,884.280988173559,3.50150574149658,3.57189257722348
2.34624726814218,3.62367786164396,3.18349996535107,1.09485337417573,1921.03513085749,1.4868641342597,3.47511110128835
4.20639698114246,6.67714001704007,3.05406972765923,4.31967889564112,3443.77671766561,4.41386430865511,2.58763407170773
1.19669633707963,3.97187498072162,1.18792396155186,3.83073603943922,2086.77196430974,5.65646692923085,1.7746768523939
4.21370454505086,3.60752407135442,1.3088078298606,3.38593788584694,2048.36763585918,3.16266973865549,6.97080654650927
1.68254698277451,2.38299579545856,6.93135884869844,3.20969488588162,1406.38028077316,1.19897145690767,1.10292372759432
1.35062188841403,3.76983274193481,2.96504457783885,2.7158227309119,1999.71357339062,1.19720760770058,3.9231536060106
6.51077698916197,2.41329204966314,5.27683519059792,2.46337764617056,1312.80404572841,1.11648711580849,5.04342620493844
3.11612751707435,3.13392853015102,1.9585529176984,6.59429485211149,1686.15498159081,2.11197565845828,2.28471567295492
5.71529736928642,6.33919313363731,3.62643199157901,6.85097006475553,3270.79287711065,6.33928896308751,2.07576895458624
5.3326082220301,2.36497796839103,3.76633747294545,2.34331244183704,2920.17272830009,3.17809148467893,2.33653245167807
5.98715127818286,1.75864084600471,1.36668879329227,4.75460436102003,1502.34188945498,2.69028157010993,1.03300083521754
3.24891624087468,1.75680977664888,2.7690219830256,4.39798898436129,1304.65924800374,1.45112802648479,5.22347694914788
2.17390596587211,2.85426229354925,2.96219380106777,5.90431508468464,2882.86990060005,3.35317954790019,3.88144741207361
4.14231971884146,4.50049861939624,2.78530998295173,1.73883184744045,2353.87628539465,2.22486557443754,3.2276010485366
1.88889527413994,2.53414086136036,1.28203068347648,3.73508800426498,1917.35260962043,2.77717534460431,2.88462394755334
4.38361768890172,3.68295011133887,5.43739161454141,2.31795325502753,1953.93205923494,4.6043087783861,1.83930925093591
4.85636876383796,1.97894508577883,3.53529842849821,6.16692351689562,1894.27465667948,4.70746994452283,6.02525045210496
2.12342687393539,3.96773263509385,2.10756085743196,3.03011055337265,3819.10810946021,2.45976649178286,2.31912040011957
2.3477505100891,2.12334065628238,2.9281513649039,3.07712161401287,1396.39789392706,1.2456856835092,4.88001825194806
3.35653207404539,2.0312431009952,1.02355282451026,1.16364647680894,1173.86028778274,4.32227714138598,1.93003959208727
1.6831779689528,3.7088996397797,3.83384211082011,3.20280238403939,1958.72769003268,4.52548240646814,3.69885771884583
2.70176418870687,6.36649010889232,2.39129764586687,2.4963962698821,3291.01120190229,6.46870089821476,2.15618516481481
3.41851627035066,1.13302583736368,1.66388344182633,3.79535419051535,2492.77343929745,4.04217908028768,1.8767132605426
3.06038617063314,3.29603573051281,1.49231451796368,2.03615532023832,2439.4149222225,4.48415635832217,2.19210485252552
2.45535828126594,3.49133633123711,2.39811466308311,2.25096804997884,4183.35765348282,4.52054240256966,3.30531938956119
3.13239158317447,1.9221175306011,6.92731975624338,2.0316357575357,1493.08155852836,4.58679011694442,3.20795738580637
3.63863255083561,1.5859920962248,2.83019544323906,2.78290162957273,897.715463605709,3.81148128145606,2.88448079722002
1.59577645524405,3.68615848384798,2.41301558306441,3.58133013709448,1945.22427454591,5.29993787383398,3.79935470665805
1.52892735064961,3.3945599347353,2.88390452042222,2.0188941443339,2354.30303013884,2.65708512144439,3.91700765234418
2.73873185389675,3.56624173978344,1.71165761398152,1.14196443231776,2414.054912352,3.68105445488839,3.63343058526516
3.8020520505961,1.04576296242885,3.27648236323148,3.67244977294467,634.303341018967,1.04392222644256,3.39525560266338
3.09911077981815,1.69636621465907,5.58633239287883,4.57816181657836,1922.47607363854,4.33578249198908,5.12311081960797
3.11910831532441,2.2892396026291,3.79143815278076,1.37414145143703,1247.61366451625,4.23148676544717,1.48526289407164
3.71927433693781,3.48585765669122,1.87553219171241,4.78096889983863,2655.82454362884,1.91093093727806,3.63497689552605
1.97178730089217,2.59633257403038,3.40844256593846,5.94714880455285,3036.44793867599,2.07085333763541,6.36102037783712
1.58423369657248,2.63141084369272,3.01775843463838,2.73217983054928,1435.43089920655,2.96361091009265,3.87324776430614
2.32336984272115,1.8148971577175,2.78644219576381,1.55637449608184,2015.95554554835,1.19083164975717,1.58950111991726
1.76733747078106,2.98234079568647,3.63508934993297,1.06734535237774,2104.39857447054,2.04307321186956,3.20415867026895
2.71864372049458,2.00061970530078,6.83313807565719,2.63358238735236,1361.80009058677,2.36741336388427,1.94109992403537
5.10163770942017,2.19385601230897,3.53591364971362,3.011669437401,2249.05483396724,4.48810747540439,5.87167198490351
3.954996566521,3.52753008692525,3.12081772764213,3.28564842906781,2319.32637785096,4.92856923551074,3.17682004114613
1.78347155731171,2.94042179221287,1.21737228217535,1.38025667774491,1710.48999591731,2.0420610045237,1.99178944015875
6.92500333627686,2.20427012466826,3.64745135093108,5.61241391673684,1385.02024058718,4.67140277602909,5.842994869221
6.94998169830069,3.75071186618879,2.44593442580663,4.45646219002083,3252.17749424279,4.10311224071942,2.18016184680164
3.10808440065011,1.50578867038712,3.47901892056689,4.6239685472101,868.514617243782,2.89738617429867,6.87477980647236
1.57574154483154,3.31696761422791,6.17359359096736,2.60039079328999,1811.46447763313,3.60033891471227,1.58555276645347
2.70278534619138,3.63951852219179,1.3627017356921,3.66439033485949,2546.20034742169,1.35542422131445,2.3892382925842
1.36523068859242,1.56182103371248,4.33312403550372,1.42613153159618,992.040272089653,2.42725927622308,2.48150680656545
3.97875682218,3.47433935012668,2.38256736984476,2.18339665373787,1895.9483533306,3.82396198978953,5.30202385876328
2.94738165382296,1.43285976350307,1.64854991366155,3.07323720678687,1033.42328684404,3.13251292120932,3.10397995868698
2.20324931642972,3.94012974342331,6.39581931289285,1.37382055516355,2169.30454275571,2.02299050339398,1.33932495070621
1.03640145994723,5.75767068099231,2.60520951380022,2.34836147190072,2992.3166260263,5.96946771888355,3.16682924563065
3.41585898632184,2.92417941428721,4.04739918047562,3.15830081840977,1978.53173799813,2.91270049742947,2.72616349253803
4.70888044498861,3.21979904524051,6.1935110911727,5.67524958169088,1720.80142630264,5.32510380228117,4.36018703971058
1.19507795781828,3.97319658542983,3.42465263581835,3.12635732046328,2105.69080687128,3.37198088502804,3.02054416085593
1.87177930143662,3.40334461280145,3.80682684294879,2.79200299479999,1936.687748353,1.32796659533887,2.45085825049318
3.79095954820514,1.16219370020553,1.00012217881158,2.87367036752403,692.713041654788,2.88546052670975,1.21438339399174
2.73088825680315,2.2982594454661,4.45560904219747,4.81614895025268,1993.58940350823,2.48382188882955,1.54680593684316
3.2366277994588,2.70780410990119,2.15506813023239,6.12970053264871,1458.41964156833,2.9864543198424,3.19425873737782
5.72834757203236,1.16619172831997,4.1921468405053,6.32226132182404,887.660584892146,1.62031604754056,4.91122461110353
2.18488966487348,1.58315941807814,2.29333648970351,2.26610699156299,922.246993677691,2.1587876643998,6.02146075479686
2.19487697561271,3.57918360293843,1.0440700086765,3.11799539066851,1963.90675817616,5.36837619962832,2.78942348435521
2.41261727362871,3.49617982865311,2.97887477045879,2.63865371607244,1858.53652342223,1.81837343012458,3.85905464016832
3.52175761759281,3.26941584469751,5.91535627655685,2.60649604443461,1741.4613118954,1.6844948311612,5.45135020744056
1.92058683442883,3.67830554023385,2.04576421878301,1.40146097959951,1948.05996455252,3.080934055994,2.70539718144573
3.62292459467426,2.50248389458284,2.73743279371411,2.24404993164353,1369.04988756869,3.570215294044,1.25947835925035
2.96691881818697,1.58379490743391,2.73484406806529,1.67992726364173,911.238310020417,1.84143073495972,1.74194658012129
3.8177816607058,5.83091009827331,5.07223960477859,4.76376352086663,3032.88133768365,1.96252048139395,4.11706233583391
5.27982848836109,3.2318464287091,1.80308736069128,5.90492665488273,2149.75840270054,3.21347181654288,6.58631243603304
2.37179930927232,1.12040287349373,3.503391263308,2.41668112552725,668.743492448702,2.32205999991,1.3386561551597
2.76137145468965,5.12204683199525,6.97127429721877,3.53047974221408,2662.07660711836,5.0564743029339,6.86389485187829
5.12194649642333,1.11884114472196,5.54799821972847,4.78754505747929,749.544429900125,4.07370473046728,3.03149576345459
1.4205068917945,2.10126505768858,3.77694736630656,1.62698116526008,1424.68348968308,2.76347692362409,3.69369569863193
3.69715177593753,4.41032829554752,2.17657040106133,3.30184402409941,2315.12019968592,1.07551394206972,2.6601935364306
3.32796075055376,1.08531212178059,4.92099244659767,1.0629258598201,1336.72286321875,4.08324390875762,1.7919841860421
2.9099978110753,4.37939082924277,2.16163381468505,4.74837770918384,2299.27492409013,5.52333974928766,4.71420860290527
4.875919083599,2.32626417535357,3.00854052323848,6.46938251890242,1484.20416785404,3.66725743671712,3.00001865485683
3.67451384384185,3.16573289548978,6.22388248424977,4.88148572202772,1784.87045274116,2.20317360360358,2.43962840363383
6.34513249713928,2.11894744727761,5.55896469112486,4.60303568979725,3038.48962208256,1.78467249113482,4.09221485583112
2.71046870085411,2.46126541285776,1.50285679800436,3.52473247307353,1562.11715843529,3.10843726557139,3.04380008089356
1.88054771022871,3.57251592259854,2.67394278920256,2.3110922977794,2125.78356010839,3.09256724641363,2.1721546468325
3.21036225021817,1.58653221768327,2.15806649974547,2.0912676313892,1048.29387203325,4.36227696933725,1.45484590833075
2.90142092807218,1.80964200757444,3.2516886908561,2.53024888737127,1134.51709998306,2.77259245242417,3.86391393188387
3.8688097037375,2.89990666601807,3.19666150840931,5.21892360597849,1697.77544936165,2.8668758907272,5.4050567871891
2.19578965031542,1.10884801065549,2.43107853550464,2.75894842180423,1822.68311196472,3.74259934376888,3.76556816929951
2.11888455506414,3.97599626751617,3.96290922281332,3.15717924572527,2095.67692419048,2.65189094763646,3.25667285895906
2.94137293985114,1.44276890042238,1.93804513593204,2.09948400454596,1058.33517552819,1.47399751976971,2.93378806486726
2.47468870040029,3.42097269673832,1.65731482789852,3.69634472718462,2579.99240891542,2.01029206381858,3.61554569588043
1.20344262989238,3.32103037787601,2.71250347979367,2.55163122084923,2167.88072722033,3.11300847196124,1.9592974325642
1.338146566879,2.77230975939892,3.14862466836348,3.02401684341021,1931.34758535773,2.03568567673143,1.42403446813114
1.96313485782593,6.86801750073209,3.28749221377075,6.71625652350485,3535.80736288335,5.42281447702967,1.32879073824733
1.55316679272801,3.22472142404877,6.8748413939029,5.7910979273729,2500.80282302108,3.13472798154235,1.6748329740949
2.15799576835707,3.1225030280184,4.81459522340447,2.66761678527109,1674.37478686683,3.67384914800238,3.91157515370287
3.74606001120992,2.47818676754832,3.57125848415308,1.85375766339712,1344.5858626673,2.22791008396593,2.09043719992042
1.81577221723273,1.71486024558544,1.95731851202436,5.85285561531782,1390.10019390844,3.39569662039158,3.70168783562258
2.55186130967923,2.33877820870839,2.96609355136752,2.59126469865441,1708.91398699488,1.35421096535562,3.16718067019247
1.69238998647779,3.36094226129353,1.0720377205871,1.13082278613001,1893.25079005212,2.52584199425275,2.66339470050298
3.33193303784356,3.21781955962069,3.69153398624621,3.69059910438955,2410.42780168355,5.03560641147222,1.76056245388463
1.69015458808281,1.80117564415559,2.42977097257972,1.53211449598894,2909.02803360019,2.02330457575754,3.55799713497981
3.76545052020811,2.48367667454295,6.23459960939363,2.42048242548481,1845.56245988701,2.07921896069049,2.57265572040342
4.08646372053772,1.10505474894308,3.2985414089635,5.49702689284459,1076.0788956983,2.42200881722665,2.91768078505993
2.32845432474278,2.62181230308488,2.35198317770846,1.36276775645092,2833.29736794345,3.35935456408691,1.83154395408928
3.04442966869101,1.68955117138103,2.59287557192147,1.25071646319702,1603.03624624852,1.26553580401404,1.22471349593252
2.74248574720696,3.98368910280988,3.20000238064677,6.67742393305525,2307.44662645273,1.27055990364808,3.22282912908122
2.69110778626055,2.93596176826395,6.75220754416659,6.14277662988752,1736.43231057096,3.19437949855928,2.48630505008623
6.98656270559877,3.40906753041781,4.05569220194593,2.97085230425,1853.24492147192,5.29471548814616,5.28235108917579
2.34755885298364,1.53407121496275,1.37171611282974,2.55706759891473,882.882932503708,3.92717625256128,2.92241761367768
1.69046559510753,3.06403167825192,3.56099407118745,1.31269711465575,1759.37460707501,3.78549045788569,2.57876372081228
3.59073463804089,3.79014736972749,2.05673768348061,3.57199929142371,2573.66647096351,2.20265064004261,2.87163771269843
4.94915003934875,1.09498623642139,4.99199191620573,2.53576464485377,2121.22827675194,2.75208635740943,4.3115007802844
3.84157394850627,4.29561794688925,2.16225247457623,2.83786275563762,2257.26423091721,3.39888262805619,1.81086285132915
1.54185805888847,1.95669060130604,2.87444043951109,1.36055207299069,2313.33043817896,4.24652101317072,3.7325948944781
4.11960366880521,2.9034237684682,3.77212146390229,3.42339698830619,1680.41170681827,1.44068103422488,3.63578962860629
2.29598677763715,2.17077448265627,4.56463375454769,1.35935728158802,1478.3834507782,3.08009371622482,2.08885895949788
3.89143734844401,3.74926571547985,1.81908109225333,3.91485311486758,2423.54565092828,4.8212975757932,1.63107306370512
1.03441992495209,1.68062760378234,1.36308355582878,1.30410768114962,2379.34607465286,2.84902650166695,1.38617072859779
3.04110300866887,1.73310583201237,3.07911967672408,3.39616760611534,2329.28060023114,4.49405352794625,2.39219802292064
3.99724925355986,6.19227364985272,3.23592524020933,2.07793769380078,3203.05409885477,2.5882965206912,1.34481507912278
5.12802642583847,1.46060066740029,2.39325183490291,1.29860904160887,2002.36160249915,3.23026024454539,5.19398547988385
3.78675516322255,2.06012129713781,2.36643049214035,5.95838903868571,1394.61051591206,4.13954017231573,4.53488646261394
3.96786102559417,1.45761316083372,1.58660153392702,3.56651938194409,2320.1834061183,1.46144250798922,2.79896234511398
2.74046978144906,2.86864624428563,3.94446904980578,1.74911559536122,1590.58282813523,1.83493945146345,3.89839244773611
